{"cameraMode":{"drawMode":0,"name":"Shaded","section":"Shading Mode"},"sceneLighting":true,"audioPlay":false,"sceneViewState":{"showFog":true,"showMaterialUpdate":false,"showSkybox":true,"showFlares":true,"showImageEffects":true,"showParticleSystems":true},"in2DMode":false,"pivot":{"x":70.49698638916016,"y":54.55935287475586,"z":-89.6484146118164},"rotation":{"x":-0.17774711549282075,"y":0.7981743812561035,"z":-0.2830711603164673,"w":-0.5011929869651794},"size":12.824410438537598,"orthographic":false}