{"cameraMode":{"drawMode":0,"name":"Shaded","section":"Shading Mode"},"sceneLighting":true,"audioPlay":false,"sceneViewState":{"showFog":true,"showMaterialUpdate":false,"showSkybox":true,"showFlares":true,"showImageEffects":true,"showParticleSystems":true},"in2DMode":false,"pivot":{"x":-1.225022554397583,"y":0.0146484375,"z":-0.8066515326499939},"rotation":{"x":-0.33794692158699038,"y":0.14182822406291963,"z":-0.051594268530607226,"w":-0.9289858937263489},"size":12.417491912841797,"orthographic":false}