{"cameraMode":{"drawMode":0,"name":"Shaded","section":"Shading Mode"},"sceneLighting":false,"audioPlay":false,"sceneViewState":{"showFog":true,"showMaterialUpdate":false,"showSkybox":false,"showFlares":true,"showImageEffects":true,"showParticleSystems":true},"in2DMode":false,"pivot":{"x":-4.800663948059082,"y":-1.342442274093628,"z":-4.919342041015625},"rotation":{"x":-0.2686801254749298,"y":0.25007879734039309,"z":-0.07245317101478577,"w":-0.9273738265037537},"size":9.411707878112793,"orthographic":false}