{"cameraMode":{"drawMode":0,"name":"Shaded","section":"Shading Mode"},"sceneLighting":false,"audioPlay":false,"sceneViewState":{"showFog":true,"showMaterialUpdate":false,"showSkybox":false,"showFlares":true,"showImageEffects":true,"showParticleSystems":true},"in2DMode":false,"pivot":{"x":-2.1947546005249025,"y":-2.0434062480926515,"z":3.3932132720947267},"rotation":{"x":-0.17010046541690827,"y":0.2542968690395355,"z":-0.04548658803105354,"w":-0.9509626626968384},"size":8.584661483764649,"orthographic":false}