{"cameraMode":{"drawMode":0,"name":"Shaded","section":"Shading Mode"},"sceneLighting":false,"audioPlay":false,"sceneViewState":{"showFog":true,"showMaterialUpdate":false,"showSkybox":false,"showFlares":true,"showImageEffects":true,"showParticleSystems":true},"in2DMode":false,"pivot":{"x":0.02965766191482544,"y":1.0757288932800294,"z":0.01420736312866211},"rotation":{"x":-0.28332895040512087,"y":0.13181276619434358,"z":-0.03934895619750023,"w":-0.9491057991981506},"size":1.9626115560531617,"orthographic":false}