{"cameraMode":{"drawMode":0,"name":"Shaded","section":"Shading Mode"},"sceneLighting":false,"audioPlay":false,"sceneViewState":{"showFog":true,"showMaterialUpdate":false,"showSkybox":false,"showFlares":true,"showImageEffects":true,"showParticleSystems":true},"in2DMode":false,"pivot":{"x":-2.7308061122894289,"y":1.359337568283081,"z":-2.2242565155029299},"rotation":{"x":0.38600385189056399,"y":-0.007469399832189083,"z":0.0031255679205060007,"w":0.9224616885185242},"size":3.9482741355895998,"orthographic":false}