{"cameraMode":{"drawMode":0,"name":"Shaded","section":"Shading Mode"},"sceneLighting":true,"audioPlay":false,"sceneViewState":{"showFog":true,"showMaterialUpdate":false,"showSkybox":true,"showFlares":true,"showImageEffects":true,"showParticleSystems":true},"in2DMode":false,"pivot":{"x":-2.1749091148376467,"y":0.9679123163223267,"z":-6.711089134216309},"rotation":{"x":0.29846376180648806,"y":-0.03634929284453392,"z":0.011376108042895794,"w":0.9536607265472412},"size":14.189024925231934,"orthographic":false}