{"cameraMode":{"drawMode":0,"name":"Shaded","section":"Shading Mode"},"sceneLighting":true,"audioPlay":false,"sceneViewState":{"showFog":true,"showMaterialUpdate":false,"showSkybox":true,"showFlares":true,"showImageEffects":true,"showParticleSystems":true},"in2DMode":false,"pivot":{"x":1.040525197982788,"y":2.3948192596435549,"z":-2.3623833656311037},"rotation":{"x":0.7078793048858643,"y":0.020119523629546167,"z":-0.02018001116812229,"w":0.7057585120201111},"size":14.899991035461426,"orthographic":false}