{"cameraMode":{"drawMode":0,"name":"Shaded","section":"Shading Mode"},"sceneLighting":false,"audioPlay":false,"sceneViewState":{"showFog":true,"showMaterialUpdate":false,"showSkybox":true,"showFlares":true,"showImageEffects":true,"showParticleSystems":true},"in2DMode":false,"pivot":{"x":-327.73358154296877,"y":-247.12525939941407,"z":297.6614685058594},"rotation":{"x":0.24348825216293336,"y":-0.35962429642677309,"z":0.09778966754674912,"w":0.8954446315765381},"size":554.2742919921875,"orthographic":false}