{"cameraMode":{"drawMode":0,"name":"Shaded","section":"Shading Mode"},"sceneLighting":false,"audioPlay":false,"sceneViewState":{"showFog":true,"showMaterialUpdate":false,"showSkybox":false,"showFlares":true,"showImageEffects":true,"showParticleSystems":true},"in2DMode":false,"pivot":{"x":-2.347954511642456,"y":1.3571999073028565,"z":-1.0675954818725587},"rotation":{"x":0.29846376180648806,"y":-0.03634929284453392,"z":0.011376108042895794,"w":0.9536607265472412},"size":4.783858776092529,"orthographic":false}