{"cameraMode":{"drawMode":0,"name":"Shaded","section":"Shading Mode"},"sceneLighting":true,"audioPlay":false,"sceneViewState":{"showFog":true,"showMaterialUpdate":false,"showSkybox":true,"showFlares":true,"showImageEffects":true,"showParticleSystems":true},"in2DMode":false,"pivot":{"x":-15.811641693115235,"y":-30.725862503051759,"z":-127.90840911865235},"rotation":{"x":-0.22134272754192353,"y":0.19734498858451844,"z":-0.045791469514369968,"w":-0.9539211392402649},"size":334.74371337890627,"orthographic":true}