{"cameraMode":{"drawMode":0,"name":"Shaded","section":"Shading Mode"},"sceneLighting":true,"audioPlay":false,"sceneViewState":{"showFog":true,"showMaterialUpdate":false,"showSkybox":true,"showFlares":true,"showImageEffects":true,"showParticleSystems":true},"in2DMode":false,"pivot":{"x":440.105224609375,"y":343.7029724121094,"z":30.857467651367189},"rotation":{"x":-0.04229268059134483,"y":0.01408405788242817,"z":-0.0005962613504379988,"w":-0.9990058541297913},"size":617.6950073242188,"orthographic":false}