{"cameraMode":{"drawMode":0,"name":"Shaded","section":"Shading Mode"},"sceneLighting":false,"audioPlay":false,"sceneViewState":{"showFog":true,"showMaterialUpdate":false,"showSkybox":false,"showFlares":true,"showImageEffects":true,"showParticleSystems":true},"in2DMode":false,"pivot":{"x":1.5911343097686768,"y":0.055634863674640658,"z":-2.2262699604034426},"rotation":{"x":0.15306589007377625,"y":0.755942165851593,"z":-0.1905287355184555,"w":0.6073064208030701},"size":4.793373107910156,"orthographic":false}