{"cameraMode":{"drawMode":0,"name":"Shaded","section":"Shading Mode"},"sceneLighting":false,"audioPlay":false,"sceneViewState":{"showFog":true,"showMaterialUpdate":false,"showSkybox":true,"showFlares":true,"showImageEffects":true,"showParticleSystems":true},"in2DMode":false,"pivot":{"x":-572.1097412109375,"y":-62.50922393798828,"z":-407.62225341796877},"rotation":{"x":0.48336148262023928,"y":-0.43597909808158877,"z":0.3027068078517914,"w":0.6961699724197388},"size":18.026531219482423,"orthographic":false}