{"cameraMode":{"drawMode":0,"name":"Shaded","section":"Shading Mode"},"sceneLighting":false,"audioPlay":false,"sceneViewState":{"showFog":true,"showMaterialUpdate":false,"showSkybox":false,"showFlares":true,"showImageEffects":true,"showParticleSystems":true},"in2DMode":false,"pivot":{"x":-577.6324462890625,"y":-61.18695831298828,"z":-410.81207275390627},"rotation":{"x":-0.14132162928581239,"y":0.8176654577255249,"z":-0.22656820714473725,"w":-0.5100180506706238},"size":12.062040328979493,"orthographic":false}