{"cameraMode":{"drawMode":0,"name":"Shaded","section":"Shading Mode"},"sceneLighting":false,"audioPlay":false,"sceneViewState":{"showFog":true,"showMaterialUpdate":false,"showSkybox":false,"showFlares":true,"showImageEffects":true,"showParticleSystems":true},"in2DMode":false,"pivot":{"x":-1.5895010232925416,"y":1.5515251159667969,"z":-1.9298467636108399},"rotation":{"x":0.3487112522125244,"y":-0.030920585617423059,"z":0.011511667631566525,"w":0.9366493225097656},"size":1.4114654064178467,"orthographic":false}