{"cameraMode":{"drawMode":0,"name":"Shaded","section":"Shading Mode"},"sceneLighting":false,"audioPlay":false,"sceneViewState":{"showFog":true,"showMaterialUpdate":false,"showSkybox":false,"showFlares":true,"showImageEffects":true,"showParticleSystems":true},"in2DMode":false,"pivot":{"x":1.4956402778625489,"y":0.5806426405906677,"z":-1.3506402969360352},"rotation":{"x":-0.19066593050956727,"y":0.2572188675403595,"z":-0.05184585601091385,"w":-0.9459371566772461},"size":16.060544967651368,"orthographic":false}