{"cameraMode":{"drawMode":0,"name":"Shaded","section":"Shading Mode"},"sceneLighting":false,"audioPlay":false,"sceneViewState":{"showFog":true,"showMaterialUpdate":false,"showSkybox":true,"showFlares":true,"showImageEffects":true,"showParticleSystems":true},"in2DMode":false,"pivot":{"x":-16.205280303955079,"y":-32.76118469238281,"z":-126.6026611328125},"rotation":{"x":0.3324006199836731,"y":-0.027721330523490907,"z":0.009774906560778618,"w":0.9426801800727844},"size":16.298818588256837,"orthographic":false}