{"cameraMode":{"drawMode":0,"name":"Shaded","section":"Shading Mode"},"sceneLighting":true,"audioPlay":false,"sceneViewState":{"showFog":true,"showMaterialUpdate":false,"showSkybox":true,"showFlares":true,"showImageEffects":true,"showParticleSystems":true},"in2DMode":false,"pivot":{"x":3.2370307445526125,"y":-29.49209976196289,"z":-125.92716979980469},"rotation":{"x":0.19270114600658418,"y":-0.15760537981987,"z":0.03137458115816116,"w":0.9680095911026001},"size":7.4605488777160648,"orthographic":false}