{"cameraMode":{"drawMode":0,"name":"Shaded","section":"Shading Mode"},"sceneLighting":true,"audioPlay":false,"sceneViewState":{"showFog":true,"showMaterialUpdate":false,"showSkybox":false,"showFlares":true,"showImageEffects":true,"showParticleSystems":true},"in2DMode":false,"pivot":{"x":-0.8850648403167725,"y":1.276545524597168,"z":0.5191603899002075},"rotation":{"x":0.26252707839012148,"y":-0.6501959562301636,"z":0.2566094994544983,"w":0.6651890277862549},"size":7.963622093200684,"orthographic":false}