{"cameraMode":{"drawMode":0,"name":"Shaded","section":"Shading Mode"},"sceneLighting":false,"audioPlay":false,"sceneViewState":{"showFog":true,"showMaterialUpdate":false,"showSkybox":false,"showFlares":true,"showImageEffects":true,"showParticleSystems":true},"in2DMode":false,"pivot":{"x":-1.5273736715316773,"y":-0.3341650068759918,"z":1.8946565389633179},"rotation":{"x":0.1704005002975464,"y":0.46219363808631899,"z":-0.09099939465522766,"w":0.8654825091362},"size":7.2971882820129398,"orthographic":false}