{"cameraMode":{"drawMode":0,"name":"Shaded","section":"Shading Mode"},"sceneLighting":false,"audioPlay":false,"sceneViewState":{"showFog":true,"showMaterialUpdate":false,"showSkybox":false,"showFlares":true,"showImageEffects":true,"showParticleSystems":true},"in2DMode":false,"pivot":{"x":2.857506513595581,"y":1.9439976215362549,"z":-3.303837537765503},"rotation":{"x":0.17146404087543488,"y":0.2723928689956665,"z":-0.04939837008714676,"w":0.9454957246780396},"size":10.216280937194825,"orthographic":false}