{"cameraMode":{"drawMode":0,"name":"Shaded","section":"Shading Mode"},"sceneLighting":true,"audioPlay":false,"sceneViewState":{"showFog":true,"showMaterialUpdate":false,"showSkybox":true,"showFlares":true,"showImageEffects":true,"showParticleSystems":true},"in2DMode":false,"pivot":{"x":1.9378501176834107,"y":-36.318450927734378,"z":-123.10091400146485},"rotation":{"x":0.3487112522125244,"y":-0.030920585617423059,"z":0.011511667631566525,"w":0.9366493225097656},"size":23.556289672851564,"orthographic":false}