{"cameraMode":{"drawMode":0,"name":"Shaded","section":"Shading Mode"},"sceneLighting":false,"audioPlay":false,"sceneViewState":{"showFog":true,"showMaterialUpdate":false,"showSkybox":true,"showFlares":true,"showImageEffects":true,"showParticleSystems":true},"in2DMode":false,"pivot":{"x":-0.41352343559265139,"y":-0.21929168701171876,"z":0.4111517071723938},"rotation":{"x":0.19953511655330659,"y":-0.7509836554527283,"z":0.2617703378200531,"w":0.5724383592605591},"size":3.372363805770874,"orthographic":false}