{"cameraMode":{"drawMode":0,"name":"Shaded","section":"Shading Mode"},"sceneLighting":false,"audioPlay":false,"sceneViewState":{"showFog":true,"showMaterialUpdate":false,"showSkybox":true,"showFlares":true,"showImageEffects":true,"showParticleSystems":true},"in2DMode":false,"pivot":{"x":-580.5089111328125,"y":-64.50992584228516,"z":-415.0293273925781},"rotation":{"x":0.48549550771713259,"y":-0.01389765739440918,"z":0.007719194050878286,"w":0.8740946650505066},"size":12.149798393249512,"orthographic":false}