{"cameraMode":{"drawMode":0,"name":"Shaded","section":"Shading Mode"},"sceneLighting":true,"audioPlay":false,"sceneViewState":{"showFog":true,"showMaterialUpdate":false,"showSkybox":true,"showFlares":true,"showImageEffects":true,"showParticleSystems":true},"in2DMode":false,"pivot":{"x":-580.428466796875,"y":-60.503814697265628,"z":-414.6758728027344},"rotation":{"x":-0.14132162928581239,"y":0.8176654577255249,"z":-0.22656820714473725,"w":-0.5100180506706238},"size":9.38247013092041,"orthographic":false}