{"cameraMode":{"drawMode":0,"name":"Shaded","section":"Shading Mode"},"sceneLighting":false,"audioPlay":false,"sceneViewState":{"showFog":true,"showMaterialUpdate":false,"showSkybox":false,"showFlares":true,"showImageEffects":true,"showParticleSystems":true},"in2DMode":false,"pivot":{"x":-1.0834476947784424,"y":0.960586428642273,"z":1.8059093952178956},"rotation":{"x":0.1704005002975464,"y":0.46219363808631899,"z":-0.09099939465522766,"w":0.8654825091362},"size":4.325639724731445,"orthographic":false}