{"cameraMode":{"drawMode":0,"name":"Shaded","section":"Shading Mode"},"sceneLighting":true,"audioPlay":false,"sceneViewState":{"showFog":true,"showMaterialUpdate":false,"showSkybox":true,"showFlares":true,"showImageEffects":true,"showParticleSystems":true},"in2DMode":false,"pivot":{"x":-9.573568344116211,"y":-39.333274841308597,"z":-120.60417175292969},"rotation":{"x":0.37588053941726687,"y":0.1768205612897873,"z":-0.07330375909805298,"w":0.9066835045814514},"size":29.408559799194337,"orthographic":false}