{"cameraMode":{"drawMode":0,"name":"Shaded","section":"Shading Mode"},"sceneLighting":false,"audioPlay":false,"sceneViewState":{"showFog":true,"showMaterialUpdate":false,"showSkybox":false,"showFlares":true,"showImageEffects":true,"showParticleSystems":true},"in2DMode":false,"pivot":{"x":5.650000095367432,"y":2.0,"z":-0.05000000447034836},"rotation":{"x":-0.14132162928581239,"y":0.8176654577255249,"z":-0.22656820714473725,"w":-0.5100180506706238},"size":2.9289417266845705,"orthographic":false}