{"cameraMode":{"drawMode":0,"name":"Shaded","section":"Shading Mode"},"sceneLighting":false,"audioPlay":false,"sceneViewState":{"showFog":true,"showMaterialUpdate":false,"showSkybox":true,"showFlares":true,"showImageEffects":true,"showParticleSystems":true},"in2DMode":false,"pivot":{"x":-19.927827835083009,"y":-31.149194717407228,"z":-128.07745361328126},"rotation":{"x":0.4436388313770294,"y":-0.028222372755408288,"z":0.013979025185108185,"w":0.8956521153450012},"size":5.154008865356445,"orthographic":false}