{"cameraMode":{"drawMode":0,"name":"Shaded","section":"Shading Mode"},"sceneLighting":false,"audioPlay":false,"sceneViewState":{"showFog":true,"showMaterialUpdate":false,"showSkybox":false,"showFlares":true,"showImageEffects":true,"showParticleSystems":true},"in2DMode":false,"pivot":{"x":-0.25309789180755618,"y":2.066166639328003,"z":-2.2242565155029299},"rotation":{"x":-0.14132162928581239,"y":0.8176654577255249,"z":-0.22656820714473725,"w":-0.5100180506706238},"size":12.112546920776368,"orthographic":false}