{"cameraMode":{"drawMode":0,"name":"Shaded","section":"Shading Mode"},"sceneLighting":false,"audioPlay":false,"sceneViewState":{"showFog":true,"showMaterialUpdate":false,"showSkybox":true,"showFlares":true,"showImageEffects":true,"showParticleSystems":true},"in2DMode":false,"pivot":{"x":0.8374524712562561,"y":0.6903771758079529,"z":-0.7708227038383484},"rotation":{"x":0.2776656150817871,"y":-0.33852633833885195,"z":0.10527516901493073,"w":0.8928711414337158},"size":1.089590072631836,"orthographic":false}