{"cameraMode":{"drawMode":0,"name":"Shaded","section":"Shading Mode"},"sceneLighting":false,"audioPlay":false,"sceneViewState":{"showFog":true,"showMaterialUpdate":false,"showSkybox":true,"showFlares":true,"showImageEffects":true,"showParticleSystems":true},"in2DMode":false,"pivot":{"x":-596.4468994140625,"y":-56.161643981933597,"z":-415.95947265625},"rotation":{"x":0.2776656150817871,"y":-0.33852633833885195,"z":0.10527516901493073,"w":0.8928711414337158},"size":80.58998107910156,"orthographic":false}