{"cameraMode":{"drawMode":0,"name":"Shaded","section":"Shading Mode"},"sceneLighting":false,"audioPlay":false,"sceneViewState":{"showFog":true,"showMaterialUpdate":false,"showSkybox":false,"showFlares":true,"showImageEffects":true,"showParticleSystems":true},"in2DMode":false,"pivot":{"x":-1.6009149551391602,"y":0.28719738125801089,"z":-0.671931266784668},"rotation":{"x":0.19279934465885163,"y":-0.4960494637489319,"z":0.11400251090526581,"w":0.8389080762863159},"size":7.185657024383545,"orthographic":false}