{"cameraMode":{"drawMode":0,"name":"Shaded","section":"Shading Mode"},"sceneLighting":true,"audioPlay":false,"sceneViewState":{"showFog":true,"showMaterialUpdate":false,"showSkybox":true,"showFlares":true,"showImageEffects":true,"showParticleSystems":true},"in2DMode":false,"pivot":{"x":0.7359714508056641,"y":0.7169642448425293,"z":1.7680902481079102},"rotation":{"x":-0.19066593050956727,"y":0.2572188675403595,"z":-0.05184585601091385,"w":-0.9459371566772461},"size":161.24969482421876,"orthographic":false}