{"cameraMode":{"drawMode":0,"name":"Shaded","section":"Shading Mode"},"sceneLighting":true,"audioPlay":false,"sceneViewState":{"showFog":true,"showMaterialUpdate":false,"showSkybox":true,"showFlares":true,"showImageEffects":true,"showParticleSystems":true},"in2DMode":false,"pivot":{"x":3.228358268737793,"y":-30.725862503051759,"z":-127.75057983398438},"rotation":{"x":0.10160139948129654,"y":-0.20849864184856416,"z":0.021783141419291498,"w":0.9724870324134827},"size":34.607627868652347,"orthographic":true}