{"cameraMode":{"drawMode":0,"name":"Shaded","section":"Shading Mode"},"sceneLighting":true,"audioPlay":false,"sceneViewState":{"showFog":true,"showMaterialUpdate":false,"showSkybox":true,"showFlares":true,"showImageEffects":true,"showParticleSystems":true},"in2DMode":false,"pivot":{"x":3.0999984741210939,"y":-51.29999923706055,"z":-122.10000610351563},"rotation":{"x":-0.19066593050956727,"y":0.2572188675403595,"z":-0.05184585601091385,"w":-0.9459371566772461},"size":78.83833312988281,"orthographic":false}