{"cameraMode":{"drawMode":0,"name":"Shaded","section":"Shading Mode"},"sceneLighting":false,"audioPlay":false,"sceneViewState":{"showFog":true,"showMaterialUpdate":false,"showSkybox":false,"showFlares":true,"showImageEffects":true,"showParticleSystems":true},"in2DMode":false,"pivot":{"x":0.7873278856277466,"y":0.39213794469833376,"z":5.650091648101807},"rotation":{"x":0.1704005002975464,"y":0.46219363808631899,"z":-0.09099939465522766,"w":0.8654825091362},"size":11.121783256530762,"orthographic":false}