{"cameraMode":{"drawMode":0,"name":"Shaded","section":"Shading Mode"},"sceneLighting":false,"audioPlay":false,"sceneViewState":{"showFog":true,"showMaterialUpdate":false,"showSkybox":false,"showFlares":true,"showImageEffects":true,"showParticleSystems":true},"in2DMode":false,"pivot":{"x":-0.02454000525176525,"y":1.219101905822754,"z":1.3257715702056885},"rotation":{"x":0.012308510020375252,"y":-0.9673792719841003,"z":0.047924429178237918,"w":0.24845370650291444},"size":5.751626491546631,"orthographic":false}