{"cameraMode":{"drawMode":0,"name":"Shaded","section":"Shading Mode"},"sceneLighting":false,"audioPlay":false,"sceneViewState":{"showFog":true,"showMaterialUpdate":false,"showSkybox":false,"showFlares":true,"showImageEffects":true,"showParticleSystems":true},"in2DMode":false,"pivot":{"x":-2.4846320152282717,"y":8.14517593383789,"z":-4.315855503082275},"rotation":{"x":-0.3492562174797058,"y":0.12789246439933778,"z":-0.04818427562713623,"w":-0.9270070195198059},"size":1.6454243659973145,"orthographic":false}